index,ID_truong,ten_truong,fanpage,link
1,1,Tr∆∞·ªùng THPT A L∆∞·ªõi,ƒêo√†n tr∆∞·ªùng THPT A L∆∞·ªõi,https://www.facebook.com/doantruongthptALuoi
2,1,Tr∆∞·ªùng THPT A L∆∞·ªõi,CLB S√°ng t·∫°o tr·∫ª - Tr∆∞·ªùng THPT A L∆∞·ªõi,https://www.facebook.com/groups/1986195691670003
3,2,THPT An L∆∞∆°ng ƒê√¥ng,THPT AN L∆Ø∆†NG ƒê√îNG,https://www.facebook.com/groups/245186188851189
4,2,THPT An L∆∞∆°ng ƒê√¥ng,An L∆∞∆°ng ƒê√¥ng - Tr∆∞·ªùng t√¥i ƒë√≥,https://www.facebook.com/groups/AnLuongDongInMyMind
5,2,THPT An L∆∞∆°ng ƒê√¥ng,ƒêo√†n Tr∆∞·ªùng THPT An L∆∞∆°ng ƒê√¥ng,https://www.facebook.com/groups/132337343581158/user/100057556175036/
6,2,THPT An L∆∞∆°ng ƒê√¥ng,Tr∆∞·ªùng An L∆∞∆°ng ƒê√¥ng,https://www.facebook.com/thpt.ald
7,2,THPT An L∆∞∆°ng ƒê√¥ng,L·∫°c Radio - ALƒê High School,https://www.facebook.com/lacradio1909
8,2,THPT An L∆∞∆°ng ƒê√¥ng,ALƒê Confessions,https://www.facebook.com/ALDcfs
9,2,THPT An L∆∞∆°ng ƒê√¥ng,CLB C·∫ßu L√¥ng Tr∆∞·ªùng ALƒê,https://www.facebook.com/profile.php?id=100085371855630
10,2,THPT An L∆∞∆°ng ƒê√¥ng,An L∆∞∆°ng ƒê√¥ng Football Club,https://www.facebook.com/Anluongdongfootballclub
11,2,THPT An L∆∞∆°ng ƒê√¥ng,An L∆∞∆°ng ƒê√¥ng - L∆∞u d·∫•u kho·∫£nh kh·∫Øc,https://www.facebook.com/luudaukhoanhkhacald
12,2,THPT An L∆∞∆°ng ƒê√¥ng,AN LUONG DONG HIGH SCHOOL,https://www.facebook.com/groups/237855972954217/members
13,3,THPT B√¨nh ƒêi·ªÅn,THPT B√¨nh ƒêi·ªÅn Confessions,https://www.facebook.com/THPTBinhDien.Hue
14,3,THPT B√¨nh ƒêi·ªÅn,Tr∆∞·ªùng THPT B√¨nh ƒêi·ªÅn,https://www.facebook.com/profile.php?id=100079867551802
15,3,THPT B√¨nh ƒêi·ªÅn,ƒêo√†n tr∆∞·ªùng THPT B√¨nh ƒêi·ªÅn,https://www.facebook.com/profile.php?id=100083002137051
16,4,THPT B√πi Th·ªã Xu√¢n,Tr∆∞·ªùng THPT B√πi Th·ªã Xu√¢n - Hu·∫ø,https://www.facebook.com/profile.php?id=100086311783927
17,4,THPT B√πi Th·ªã Xu√¢n,CLB B√≥ng r·ªï The Beast - THPT B√πi Th·ªã Xu√¢n,https://www.facebook.com/BTXBASKETBALL
18,4,THPT B√πi Th·ªã Xu√¢n,ƒêo√†n TNCS H·ªì Ch√≠ Minh tr∆∞·ªùng THPT B√πi Th·ªã Xu√¢n - Hu·∫ø,https://www.facebook.com/DoanTncsHoChiMinhTruongThptBuiThiXuanHue
19,4,THPT B√πi Th·ªã Xu√¢n,Music CLUB Tr∆∞·ªùng THPT B√πi Th·ªã Xu√¢n,https://www.facebook.com/MusicclubTHPTBuiThiXuanHue
20,8,Tr∆∞·ªùng D√¢n T·ªôc N·ªôi Tr√∫ T·ªânh TT Hu·∫ø,ƒêo√†n TNCS HCM tr∆∞·ªùng PT DTNT T·ªânh Th·ª´a Thi√™n Hu·∫ø,https://www.facebook.com/dtnttTTH?mibextid=9R9pXO
21,8,Tr∆∞·ªùng D√¢n T·ªôc N·ªôi Tr√∫ T·ªânh TT Hu·∫ø,Truong PTDT Tinh Confession,https://www.facebook.com/dtnttinhcfs?mibextid=9R9pXO
22,5,THPT Cao Th·∫Øng,Tr∆∞·ªùng THPT Cao Th·∫Øng - Hu·∫ø,https://www.facebook.com/THPTCaoThangHue
23,5,THPT Cao Th·∫Øng,"ƒêo√†n tr∆∞·ªùng THPT Cao Th·∫Øng - 11 ƒê·ªëng ƒêa, TP Hu·∫ø",https://www.facebook.com/doantruongcaothanghues
24,5,THPT Cao Th·∫Øng,ƒêo√†n Tr∆∞·ªùng THPT Cao Th·∫Øng,https://www.facebook.com/groups/480807855414812/
25,5,THPT Cao Th·∫Øng,Cao Th·∫Øng All Stars - Confession,https://www.facebook.com/profile.php?id=100046925092744
26,18,Tr∆∞·ªùng THPT H∆∞∆°ng Vinh,ƒêo√†n tr∆∞·ªùng THPT H∆∞∆°ng Vinh,https://www.facebook.com/profile.php?id=100064024904968&mibextid=ZbWKwL
27,18,Tr∆∞·ªùng THPT H∆∞∆°ng Vinh,HV Confessions,https://www.facebook.com/shareandwritedown?mibextid=ZbWKwL
28,18,Tr∆∞·ªùng THPT H∆∞∆°ng Vinh,Group THPT H∆∞∆°ng Vinh,https://www.facebook.com/groups/430004190444149/
29,6,THPT Chi LƒÉng,Tr∆∞·ªùng THPT Chi LƒÉng - Hu·∫ø,https://www.facebook.com/chilangschool
30,25,Tr∆∞·ªùng THPT Phan ƒêƒÉng L∆∞u,ƒêo√†n TNCS HCM Tr∆∞·ªùng Phan ƒêƒÉng L∆∞u - Hu·∫ø,https://www.facebook.com/groups/388585634558648
31,25,Tr∆∞·ªùng THPT Phan ƒêƒÉng L∆∞u,PƒêL Confessions,https://www.facebook.com/PDL.Confessions2013
32,25,Tr∆∞·ªùng THPT Phan ƒêƒÉng L∆∞u,ƒêo√†n Tr∆∞·ªùng THPT Phan ƒêƒÉng L∆∞u - Hu·∫ø,https://www.facebook.com/profile.php?id=100075545184739
33,25,Tr∆∞·ªùng THPT Phan ƒêƒÉng L∆∞u,PROM PƒêL - L·ªÖ tri √¢n v√† tr∆∞·ªüng th√†nh.,https://www.facebook.com/Letrianvaruongthanh.Prom.PDL
34,25,Tr∆∞·ªùng THPT Phan ƒêƒÉng L∆∞u,WAF Basketball,https://www.facebook.com/profile.php?id=100063452479671
35,7,Chuy√™n Khoa H·ªçc Hu·∫ø,Tr∆∞·ªùng THPT chuy√™n Khoa h·ªçc Hu·∫ø,Tr∆∞·ªùng THPT chuy√™n Khoa h·ªçc Hu·∫ø | Hue
36,7,Chuy√™n Khoa H·ªçc Hu·∫ø,ƒêo√†n Tr∆∞·ªùng THPT Chuy√™n Khoa h·ªçc Hu·∫ø,https://www.facebook.com/DoanTruongThptChuyenKhoahocHue
37,7,Chuy√™n Khoa H·ªçc Hu·∫ø,HUSC's English Club,https://www.facebook.com/huscenglishclub
38,7,Chuy√™n Khoa H·ªçc Hu·∫ø,ùôºùöûùöúùöíùöå ùô≤ùöòùöñùöéùöçùö¢,https://www.facebook.com/musiccomedyy
39,7,Chuy√™n Khoa H·ªçc Hu·∫ø,ùôéùôàùòæ - ùôéùô†ùôûùô°ùô°ùô® & ùôàùôöùôôùôûùôñ ùòæùô°ùô™ùôó,https://www.facebook.com/SMC.KCzStudio
40,9,THPT ƒê·∫∑ng Huy Tr·ª©,ƒêo√†n tr∆∞·ªùng THPT ƒê·∫∑ng Huy Tr·ª©,https://www.facebook.com/doantruongthptdanghuytru
41,9,THPT ƒê·∫∑ng Huy Tr·ª©,BK FC - THPT ƒê·∫∑ng Huy Tr·ª© - Th·ª´a Thi√™n Hu·∫ø,https://www.facebook.com/bkfc.thptdanghuytruthuathienhue
42,9,THPT ƒê·∫∑ng Huy Tr·ª©,CHS THPT ƒê·∫∂NG HUY TR·ª®,https://www.facebook.com/groups/420889524666878/members
43,9,THPT ƒê·∫∑ng Huy Tr·ª©,ƒêHT Confessions,https://www.facebook.com/dhtruconfessions/about
44,9,THPT ƒê·∫∑ng Huy Tr·ª©,C√¥ng ƒêo√†n Tr∆∞·ªùng THPT ƒê·∫∑ng Huy Tr·ª©,https://www.facebook.com/profile.php?id=100057597513253
45,10,THPT ƒê·∫∑ng Tr·∫ßn C√¥n,Khi T√¥i 18 - Tr∆∞·ªùng THPT ƒê·∫∑ng Tr·∫ßn C√¥n,https://www.facebook.com/profile.php?id=100063867311019
46,10,THPT ƒê·∫∑ng Tr·∫ßn C√¥n,ƒêo√†n tr∆∞·ªùng ƒê·∫∑ng Tr·∫ßn C√¥n,https://www.facebook.com/profile.php?id=100057883620368
47,11,THPT Gia H·ªôi Hu·∫ø,Tr∆∞·ªùng THPT Gia H·ªôi,https://www.facebook.com/TruongTHPTGiaHoiHue
48,11,THPT Gia H·ªôi Hu·∫ø,Tr∆∞·ªùng THPT GIA H·ªòI,https://www.facebook.com/profile.php?id=100041528515971
49,11,THPT Gia H·ªôi Hu·∫ø,Gia H·ªôi Confessions,https://www.facebook.com/GiaHoiConfessions
50,11,THPT Gia H·ªôi Hu·∫ø,Gia H·ªôi Basketball - CLB B√≥ng R·ªï THPT Gia H·ªôi - Hu·∫ø,https://www.facebook.com/profile.php?id=100085628904244
51,11,THPT Gia H·ªôi Hu·∫ø,ƒêo√†n Tr∆∞·ªùng Gia H·ªôi,https://www.facebook.com/profile.php?id=100028948812585
52,12,THPT H√† Trung,Tr∆∞·ªùng THPT H√† Trung,https://www.facebook.com/TruongThptHaTrung
53,12,THPT H√† Trung,CLB K·ªπ nƒÉng Thanh ni√™n tr∆∞·ªùng THPT H√† Trung,https://www.facebook.com/KynangThanhnienHaTrung
54,13,THPT Hai B√† Tr∆∞ng,Tr∆∞·ªùng THPT Hai B√† Tr∆∞ng - Hu·∫ø,https://www.facebook.com/THPTHaiBaTrungHue
55,13,THPT Hai B√† Tr∆∞ng,ƒêo√†n tr∆∞·ªùng THPT Hai B√† Tr∆∞ng - TP Hu·∫ø,https://www.facebook.com/profile.php?id=100057156411782
56,13,THPT Hai B√† Tr∆∞ng,CLB Lu·∫≠t THPT Hai B√† Tr∆∞ng - Hu·∫ø,https://www.facebook.com/profile.php?id=100057156411782
57,13,THPT Hai B√† Tr∆∞ng,C√¢u l·∫°c b·ªô T∆∞ duy ph·∫£n bi·ªán - Tr∆∞·ªùng THPT Hai B√† Tr∆∞ng,https://www.facebook.com/profile.php?id=100062304441341
58,13,THPT Hai B√† Tr∆∞ng,CƒÉn Tin Tr∆∞·ªùng Hai B√† Tr∆∞ng-Hu·∫ø,https://www.facebook.com/profile.php?id=100083565062874
59,13,THPT Hai B√† Tr∆∞ng,CLB √Çm Nh·∫°c HBT,https://www.facebook.com/DKMusicClub
60,13,THPT Hai B√† Tr∆∞ng,HBT DANCE CLUB,https://www.facebook.com/hbtdanceclb
61,13,THPT Hai B√† Tr∆∞ng,HBT Confessions,https://www.facebook.com/HHBTConfessions
62,13,THPT Hai B√† Tr∆∞ng,Love from HBT,https://www.facebook.com/lovefromhbt
65,16,THPT H∆∞∆°ng Th·ªßy,Tr∆∞·ªùng THPT H∆∞∆°ng Thu·ª∑,https://www.facebook.com/TruongTHPTHuongThuy
66,16,THPT H∆∞∆°ng Th·ªßy,ƒêo√†n Tr∆∞·ªùng THPT H∆∞∆°ng Th·ªßy,https://www.facebook.com/profile.php?id=100063504071473
67,16,THPT H∆∞∆°ng Th·ªßy,Cƒëcs Tr∆∞·ªùng H∆∞∆°ng Th·ªßy,https://www.facebook.com/bchcongdoanthpthuongthuy
68,16,THPT H∆∞∆°ng Th·ªßy,H∆∞∆°ng Th·ªßy Confessions,https://www.facebook.com/HuongThuyConfessions
69,16,THPT H∆∞∆°ng Th·ªßy,TU·ªîI TR·∫∫ H∆Ø∆†NG TH·ª¶Y,https://www.facebook.com/tuoitrehuongthuy
70,17,THPT H∆∞∆°ng Tr√†,Tr∆∞·ªùng THPT H∆∞∆°ng Tr√†,https://www.facebook.com/thpthuongtrathuathienhue
71,17,THPT H∆∞∆°ng Tr√†,THPT H∆∞∆°ng Tr√† - H·∫πn ∆∞·ªõc tu·ªïi 18,https://www.facebook.com/profile.php?id=100093076114358
72,17,THPT H∆∞∆°ng Tr√†,H∆∞∆°ng Tr√† Confessions,https://www.facebook.com/Huongtraconfessions
73,19,THPT Nam ƒê√¥ng,Tr∆∞·ªùng THPT Nam ƒê√¥ng,https://www.facebook.com/THPTNamDong.school
74,19,THPT Nam ƒê√¥ng,ƒêo√†n Tr∆∞·ªùng THPT Nam ƒê√¥ng,https://www.facebook.com/profile.php?id=100063753420845
75,20,THPT Nguy·ªÖn Ch√≠ Thanh,ƒêo√†n Tr∆∞·ªùng Thpt Nguy·ªÖn Ch√≠ Thanh - Qu·∫£ng ƒêi·ªÅn - Th·ª´a Thi√™n Hu·∫ø,https://www.facebook.com/profile.php?id=100028312316411
76,20,THPT Nguy·ªÖn Ch√≠ Thanh,Tr∆∞·ªùng Nguy·ªÖn Ch√≠ Thanh,https://www.facebook.com/NVLOC1
77,21,THPT Nguy·ªÖn ƒê√¨nh Chi·ªÉu ,THPT Nguy·ªÖn ƒê√¨nh Chi·ªÉu - Hu·∫ø,https://www.facebook.com/thptnguyendinhchieu
78,21,THPT Nguy·ªÖn ƒê√¨nh Chi·ªÉu ,ƒêo√†n Tr∆∞·ªùng THPT Nguy·ªÖn ƒê√¨nh Chi·ªÉu - Hu·∫ø,https://www.facebook.com/doantruongthptnguyendinhchieu
79,21,THPT Nguy·ªÖn ƒê√¨nh Chi·ªÉu ,Nguy·ªÖn ƒê√¨nh Chi·ªÉu-Hu·∫ø Confessions,https://www.facebook.com/cfsndc
80,22,THPT Nguy·ªÖn Hu·ªá,Nguy·ªÖn Hu·ªá tr∆∞·ªùng t√¥i - TP.Hu·∫ø,https://www.facebook.com/NguyenHuetruongtoi.TpHue
81,22,THPT Nguy·ªÖn Hu·ªá,ƒêo√†n Tr∆∞·ªùng THPT Nguy·ªÖn Hu·ªá - Hu·∫ø,https://www.facebook.com/allaboutnguyenhue
82,22,THPT Nguy·ªÖn Hu·ªá,ƒê·ªôi TNXK Ch·ªØ Th·∫≠p ƒê·ªè - THPT Nguy·ªÖn Hu·ªá,facebook.com/ctdnguyenhue
83,22,THPT Nguy·ªÖn Hu·ªá,Tr∆∞·ªùng THPT Nguy·ªÖn Hu·ªá - Hu·∫ø,https://www.facebook.com/thptnguyenhue.tthue
84,22,THPT Nguy·ªÖn Hu·ªá,CLB B√≥ng R·ªï THPT Nguy·ªÖn Hu·ªá - Hu·∫ø,https://www.facebook.com/nguyenhuebasketball
85,22,THPT Nguy·ªÖn Hu·ªá,HDM Confessions,https://www.facebook.com/hdmconfessions
86,23,THPT Nguy·ªÖn Sinh Cung,THPT Nguy·ªÖn Sinh Cung Confessions,https://www.facebook.com/cap3nsc
87,23,THPT Nguy·ªÖn Sinh Cung,ƒêo√†n Tr∆∞·ªùng THPT Nguy·ªÖn Sinh Cung,https://www.facebook.com/doantruongthptnsc
88,23,THPT Nguy·ªÖn Sinh Cung,Tr∆∞·ªùng THPT Nguy·ªÖn Sinh Cung,https://www.facebook.com/truongthptnguyensinhcung
89,23,THPT Nguy·ªÖn Sinh Cung,CLB Truy·ªÅn th√¥ng NSC,https://www.facebook.com/CLBTruyenthongNSC
90,24,THPT Nguy·ªÖn Tr∆∞·ªùng T·ªô,Nguy·ªÖn Tr∆∞·ªùng T·ªô - Hu·∫ø,https://www.facebook.com/nguyentruongto.hue
91,24,THPT Nguy·ªÖn Tr∆∞·ªùng T·ªô,C√¢u l·∫°c b·ªô K·ªπ NƒÉng NTT,https://www.facebook.com/profile.php?id=100063613530623&mibextid=ZbWKwL
92,24,THPT Nguy·ªÖn Tr∆∞·ªùng T·ªô,Tr∆∞·ªùng THPT Nguy·ªÖn Tr∆∞·ªùng T·ªô - Th√†nh ph·ªë Hu·∫ø,https://www.facebook.com/profile.php?id=100083206425239
93,24,THPT Nguy·ªÖn Tr∆∞·ªùng T·ªô,ƒêo√†n Nguy·ªÖn Tr∆∞·ªùng T·ªô,https://www.facebook.com/profile.php?id=100023268290441
94,24,THPT Nguy·ªÖn Tr∆∞·ªùng T·ªô,Nguy·ªÖn Tr∆∞·ªùng T·ªô Basketball,https://www.facebook.com/nttBasketball
95,26,THPT Phong ƒêi·ªÅn,TR∆Ø·ªúNG THPT PHONG ƒêI·ªÄN,https://www.facebook.com/groups/265337363664956
96,26,THPT Phong ƒêi·ªÅn,THPT Phong ƒêi·ªÅn CFS,https://www.facebook.com/THPTPhongDienConfession
97,26,THPT Phong ƒêi·ªÅn,ƒêo√†n Tr∆∞·ªùng THPT Phong ƒêi·ªÅn - TT Hu·∫ø,https://www.facebook.com/DoanTHPTPhongDien
98,26,THPT Phong ƒêi·ªÅn,CLB Ph√°t thanh Tu·ªïi H·ªìng - Tr∆∞·ªùng THPT Phong ƒêi·ªÅn,https://www.facebook.com/Tuoihongthptphongdien
99,27,THPT Ph√∫ B√†i,PRC Radio of Phu Bai,https://www.facebook.com/clbptttphubai
100,27,THPT Ph√∫ B√†i,ƒêo√†n Tr∆∞·ªùng THPT Ph√∫ B√†i,https://www.facebook.com/profile.php?id=100064573157163
101,27,THPT Ph√∫ B√†i,N√©t - Phu Bai Highschool,https://www.facebook.com/Netphubaihighschool
102,27,THPT Ph√∫ B√†i,Hydra Volleyball - CLB B√≥ng Chuy·ªÅn THPT Ph√∫ B√†i,https://www.facebook.com/profile.php?id=100090760413238
103,27,THPT Ph√∫ B√†i,Ph√∫ B√†i HS Confessions,https://www.facebook.com/PBHSCfs
104,28,THPT Ph√∫ L·ªôc ,Tr∆∞·ªùng THPT Ph√∫ L·ªôc- C·∫ßu Hai,https://www.facebook.com/Ngoinhacuatuoithanhxuan.PhuLoc
105,28,THPT Ph√∫ L·ªôc ,THPT Ph√∫ L·ªôc Confessions,https://www.facebook.com/CfsPhuLoc
106,29,THPT Qu·ªëc H·ªçc,ƒêo√†n tr∆∞·ªùng THPT Chuy√™n Qu·ªëc H·ªçc Hu·∫ø,https://www.facebook.com/DoantruongQuocHoc
107,29,THPT Qu·ªëc H·ªçc,QH Wolves - CLB B√≥ng ƒê√° Qu·ªëc H·ªçc Hu·∫ø,https://www.facebook.com/qhwolves
108,29,THPT Qu·ªëc H·ªçc,Qu·ªëc H·ªçc Hu·∫ø - H·ªìi ·ª©c 1896,https://www.facebook.com/qhwolves
109,29,THPT Qu·ªëc H·ªçc,Nguy·ªát Qu·∫ø ƒê·ªè,https://www.facebook.com/NguyetQueDoOfficial
110,29,THPT Qu·ªëc H·ªçc,Chi·∫øn d·ªãch t√¨nh nguy·ªán Hoa Ph∆∞·ª£ng ƒê·ªè - Qu·ªëc H·ªçc Hu·∫ø,https://www.facebook.com/profile.php?id=100092722746580
111,29,THPT Qu·ªëc H·ªçc,CLB √Çm Nh·∫°c Qu·ªëc H·ªçc - Hu·∫ø,https://www.facebook.com/QHMusicClub
112,29,THPT Qu·ªëc H·ªçc,Evergreen - CLB QU·ªêC H·ªåC XANH,https://www.facebook.com/evergreenquochocxanh
113,29,THPT Qu·ªëc H·ªçc,"BK FC - THPT Chuy√™n Qu·ªëc H·ªçc Hu·∫ø, Th·ª´a Thi√™n Hu·∫ø",https://www.facebook.com/bkfc.quochochue
114,29,THPT Qu·ªëc H·ªçc,Vi Vu Qu·ªëc H·ªçc,https://www.facebook.com/vivuquochoc
115,29,THPT Qu·ªëc H·ªçc,Quoc Hoc Artsy Zone,https://www.facebook.com/QuochocArtsyZone
116,29,THPT Qu·ªëc H·ªçc,Cheetah Volleyball - CLB B√≥ng Chuy·ªÅn Qu·ªëc H·ªç,https://www.facebook.com/qhvolleyball
117,29,THPT Qu·ªëc H·ªçc,"CLB K·ªπ NƒÉng - X√£ H·ªôi, Tr∆∞·ªùng THPT Chuy√™n Qu·ªëc H·ªçc - Hu·∫ø",https://www.facebook.com/kynangxahoiquochochue
118,29,THPT Qu·ªëc H·ªçc,Windteam - CLB B√≥ng r·ªï tr∆∞·ªùng THPT chuy√™n Qu·ªëc H·ªçc Hu·∫ø,https://www.facebook.com/WindteamQHH
119,29,THPT Qu·ªëc H·ªçc,D·ª± √°n T·ªß s√°ch ƒêi·ªáp anh ƒë√†o - Tr∆∞·ªùng THPT chuy√™n Qu·ªëc H·ªçc Hu·∫ø,https://www.facebook.com/tusachdiepanhdao
120,29,THPT Qu·ªëc H·ªçc,QH Confessions,https://www.facebook.com/QhConfessions
121,29,THPT Qu·ªëc H·ªçc,Humans of Quoc Hoc,https://www.facebook.com/humansofquochochue
122,29,THPT Qu·ªëc H·ªçc,Eagle Eyes - CLB C·∫ßu L√¥ng Qu·ªëc H·ªçc,https://www.facebook.com/qhbadmintonclub
123,29,THPT Qu·ªëc H·ªçc,QH's AMC - CLB VƒÉn h√≥a Nh·∫≠t B·∫£n,https://www.facebook.com/AMCQuochocHue
124,29,THPT Qu·ªëc H·ªçc,Q D 2 9 1 7 - Qu·ªëc H·ªçc Dance Club,https://www.facebook.com/QD2917
125,29,THPT Qu·ªëc H·ªçc,D·ª± √°n LƒÇNG K√çNH,https://www.facebook.com/hqh.langkinh
126,29,THPT Qu·ªëc H·ªçc,Boardgame QH,https://www.facebook.com/BoardgameQH
127,30,THPT Tam Giang,ƒêo√†n Tr∆∞·ªùng THPT Tam Giang,https://www.facebook.com/profile.php?id=100083309020819
128,30,THPT Tam Giang,ƒêo√†n tr∆∞·ªùng THPT Tam Giang,https://www.facebook.com/groups/514513165802884
129,30,THPT Tam Giang,Tr∆∞·ªùng THPT Tam Giang,https://www.facebook.com/groups/truongthpttamgiang
130,31,THPT Th·ª´a L∆∞u,ƒêo√†n Tr∆∞·ªùng THPT Th·ª´a L∆∞u,https://www.facebook.com/profile.php?id=100057478748377
131,31,THPT Th·ª´a L∆∞u,THPT Th·ª´a L∆∞u Confession,https://www.facebook.com/THPTThuaLuuCFS
132,31,THPT Th·ª´a L∆∞u,Th·ª´a L∆∞u - Nh·ªØng ƒëi·ªÅu ch∆∞a n√≥i,https://www.facebook.com/profile.php?id=100086533216879
133,32,THPT Thu·∫≠n An,Tr∆∞∆°ÃÄng THPT Thu√¢Ã£n An - Hu√™ÃÅ,https://www.facebook.com/TruongTHPTThuanAnHue
134,32,THPT Thu·∫≠n An,ƒêo√†n Tr∆∞·ªùng Thu·∫≠n An,https://www.facebook.com/doantruongTHPTthuanan
135,32,THPT Thu·∫≠n An,ƒêo√†n tr∆∞·ªùng THPT Thu·∫≠n An,https://www.facebook.com/profile.php?id=100085099024675
136,32,THPT Thu·∫≠n An,Thu·∫≠n An Confessions,https://www.facebook.com/ThuanAnConfession
137,32,THPT Thu·∫≠n An,HUNT CLUB - THPT Thu·∫≠n An,https://www.facebook.com/profile.php?id=100092199970157
138,33,THPT Thu·∫≠n H√≥a,"Tr∆∞·ªùng THPT Thu·∫≠n H√≥a, Tr∆∞·ªùng ƒê·∫°i h·ªçc S∆∞ ph·∫°m Hu·∫ø",https://www.facebook.com/profile.php?id=100055205112394
139,33,THPT Thu·∫≠n H√≥a,ThuanHoa Confessions,https://www.facebook.com/thuanhoacfsdhsphue
140,33,THPT Thu·∫≠n H√≥a,The Oratory - Thuan Hoa English Club,https://www.facebook.com/TheOratory.ThuanHoa
141,33,THPT Thu·∫≠n H√≥a,CLB b√≥ng r·ªï Tr∆∞·ªùng THPT Thu·∫≠n Ho√° - Hu·∫ø,https://www.facebook.com/clbThuanHoabasketball
142,33,THPT Thu·∫≠n H√≥a,CLB Guitar Thu·∫≠n H√≥a,https://www.facebook.com/profile.php?id=100088988094345
143,34,THPT T·ªë H·ªØu,Tu·ªïi tr·∫ª THPT ToÃÇÃÅ HuÃõÃÉu,https://www.facebook.com/profile.php?id=100059640296626
144,34,THPT T·ªë H·ªØu,Tr∆∞·ªùng THPT T·ªë H·ªØu,https://www.facebook.com/thpt.tohuu
145,34,THPT T·ªë H·ªØu,ƒêo√†n Tr∆∞·ªùng THPT T·ªë H·ªØu - Huy·ªán Qu·∫£ng ƒêi·ªÅn - T·ªânh Th·ª´a Thi√™n Hu·∫ø,https://www.facebook.com/profile.php?id=100057405701117
146,34,THPT T·ªë H·ªØu,Th∆∞ Vi·ªán Tr∆∞·ªùng THPT T·ªë H·ªØu,https://www.facebook.com/profile.php?id=100081264945595
147,35,THPT Tr·∫ßn VƒÉn K·ª∑,ƒêo√†n tr∆∞·ªùng Tr·∫ßn VƒÉn K·ª∑,https://www.facebook.com/doantruongtvk.phongbinh
148,36,THPT Vinh L·ªôc,Vinh L·ªôc Confessions,https://www.facebook.com/vinhloccfs
149,36,THPT Vinh L·ªôc,ƒêo√†n Tr∆∞·ªùng Vinh L·ªôc,https://www.facebook.com/profile.php?id=100010874310395
150,37,THPT Vinh Xu√¢n,Tr∆∞·ªùng THPT Vinh Xu√¢n,https://www.facebook.com/thptvinhxuan2003
151,37,THPT Vinh Xu√¢n,ƒêo√†n Tr∆∞·ªùng THPT Vinh Xu√¢n,https://www.facebook.com/doantruongthptvinhxuan
152,37,THPT Vinh Xu√¢n,Vinh Xu√¢n confessions,https://www.facebook.com/vxcfs
153,37,THPT Vinh Xu√¢n,Th∆∞ vi·ªán THTP Vinh Xu√¢n,https://www.facebook.com/ThuvienTHPTVinhXuanHue
154,37,THPT Vinh Xu√¢n,VXAC - CLB Thi√™n VƒÉn tr∆∞·ªùng THPT Vinh Xu√¢n,https://www.facebook.com/vxac.vinhxuanastronomyclub
155,37,THPT Vinh Xu√¢n,CLB KyÃÉ NƒÉng S√¥ÃÅng Tr∆∞∆°ÃÄng THPT Vinh Xu√¢n - VX LSC,https://www.facebook.com/VinhXuanHighSchoolLivingSkillClub